alpha,delta_theta_joint,delta_theta_sonly
-1,0.2233151616,0.2248499086
0,0.2000029387,0.3095547313
1,0.2231953448,0.2232238275
