{
  "M_value": -1,
  "scaling_exponent": 0.08533683968433729,
  "scaling_exponent_err": 0.0807820311469801,
  "scaling_exponent_ci_lower": -0.2703185284596558,
  "scaling_exponent_ci_upper": 0.23743369450652438,
  "curvature": 0.19556095816018038,
  "curvature_err": 0.08626431521877662,
  "curvature_ci_lower": -0.561250789494758,
  "curvature_ci_upper": 1.1318930018259605,
  "R_squared": 0.2648349875621301,
  "num_seeds": 5,
  "n_bootstrap": 10000
}