coefficient,max_covariance,sign
α_xx,0.1219601955,1
α_xz,0.1219601955,1
α_zx,0.09564342515,1
α_zz,0.09564342515,1
